supplier_id,risk_score
S09,70.5334
S05,66.1242
S03,62.903
S07,44.053000000000004
S02,29.481599999999997
S01,28.7264
S10,17.718
S06,15.8048
S08,15.225800000000001
S04,13.9492
